{"reference": "J7", "proportionalOutlinePath": [[0.7841666666666667, 0.24416666666666667], [0.7816666666666666, 0.245], [0.78, 0.24583333333333332], [0.7783333333333333, 0.2475], [0.7708333333333334, 0.25083333333333335], [0.7691666666666667, 0.2525], [0.7666666666666667, 0.25333333333333335], [0.7641666666666667, 0.255], [0.7616666666666667, 0.25583333333333336], [0.76, 0.25833333333333336], [0.7575, 0.26], [0.7516666666666667, 0.2625], [0.75, 0.26416666666666666], [0.7425, 0.2675], [0.7408333333333333, 0.26916666666666667], [0.7316666666666667, 0.2733333333333333], [0.73, 0.275], [0.7225, 0.2783333333333333], [0.72, 0.28], [0.72, 0.2866666666666667], [0.7208333333333333, 0.2891666666666667], [0.7216666666666667, 0.29], [0.7216666666666667, 0.2941666666666667], [0.7208333333333333, 0.29583333333333334], [0.7183333333333334, 0.29833333333333334], [0.7183333333333334, 0.3016666666666667], [0.72, 0.3025], [0.7225, 0.3025], [0.7241666666666666, 0.30333333333333334], [0.7258333333333333, 0.305], [0.7266666666666667, 0.3075], [0.7308333333333333, 0.3075], [0.7491666666666666, 0.29833333333333334], [0.7508333333333334, 0.2975], [0.7508333333333334, 0.2941666666666667], [0.7533333333333333, 0.2916666666666667], [0.7541666666666667, 0.29], [0.7541666666666667, 0.2866666666666667], [0.7533333333333333, 0.2833333333333333], [0.7525, 0.2825], [0.7516666666666667, 0.28], [0.7525, 0.27666666666666667], [0.7616666666666667, 0.2725], [0.7633333333333333, 0.2708333333333333], [0.7741666666666667, 0.2658333333333333], [0.7758333333333334, 0.26416666666666666], [0.7866666666666666, 0.25916666666666666], [0.7883333333333333, 0.2575], [0.7925, 0.25583333333333336], [0.7941666666666667, 0.25416666666666665], [0.7941666666666667, 0.24583333333333332], [0.7925, 0.24416666666666667]], "additionalOutlinePaths": [[[0.7958333333333333, 0.28], [0.7925, 0.2808333333333333], [0.7741666666666667, 0.29], [0.7725, 0.29083333333333333], [0.7725, 0.2925], [0.7691666666666667, 0.29583333333333334], [0.7641666666666667, 0.29833333333333334], [0.7625, 0.29833333333333334], [0.7608333333333334, 0.3], [0.7591666666666667, 0.3], [0.7575, 0.3016666666666667], [0.7475, 0.30666666666666664], [0.7458333333333333, 0.30666666666666664], [0.7441666666666666, 0.30833333333333335], [0.7391666666666666, 0.31083333333333335], [0.7375, 0.31083333333333335], [0.7358333333333333, 0.3125], [0.7341666666666666, 0.31333333333333335], [0.7325, 0.31333333333333335], [0.7308333333333333, 0.31416666666666665], [0.7291666666666666, 0.315], [0.7291666666666666, 0.31833333333333336], [0.73, 0.32083333333333336], [0.7308333333333333, 0.32416666666666666], [0.7316666666666667, 0.325], [0.7316666666666667, 0.3283333333333333], [0.73, 0.3308333333333333], [0.7275, 0.3333333333333333], [0.72, 0.33666666666666667], [0.7191666666666666, 0.3408333333333333], [0.7275, 0.3408333333333333], [0.7308333333333333, 0.34], [0.735, 0.33916666666666667], [0.7391666666666666, 0.3383333333333333], [0.7425, 0.3375], [0.745, 0.33666666666666667], [0.7491666666666666, 0.33416666666666667], [0.7508333333333334, 0.33416666666666667], [0.7591666666666667, 0.33], [0.7608333333333334, 0.3283333333333333], [0.7633333333333333, 0.325], [0.7633333333333333, 0.31833333333333336], [0.7625, 0.315], [0.7616666666666667, 0.31416666666666665], [0.7616666666666667, 0.3125], [0.7633333333333333, 0.31083333333333335], [0.7783333333333333, 0.30333333333333334], [0.78, 0.30333333333333334], [0.8033333333333333, 0.2916666666666667], [0.805, 0.29], [0.805, 0.2825], [0.8041666666666667, 0.2808333333333333]], [[0.7325, 0.26], [0.7283333333333334, 0.2608333333333333], [0.7241666666666666, 0.26166666666666666], [0.7191666666666666, 0.2625], [0.7158333333333333, 0.2633333333333333], [0.7141666666666666, 0.26416666666666666], [0.7133333333333334, 0.26916666666666667], [0.7158333333333333, 0.27166666666666667], [0.7208333333333333, 0.2725], [0.7225, 0.27166666666666667], [0.7241666666666666, 0.27], [0.73, 0.2675], [0.7316666666666667, 0.2658333333333333], [0.7358333333333333, 0.26416666666666666], [0.7366666666666667, 0.26]]], "componentId": "wurth-elektronik-61300211121"}