{"reference": "J1", "proportionalOutlinePath": [[0.5583333333333333, 0.345], [0.5566666666666666, 0.34833333333333333], [0.5566666666666666, 0.35583333333333333], [0.5608333333333333, 0.36], [0.5625, 0.3616666666666667], [0.5675, 0.36666666666666664], [0.5841666666666666, 0.38416666666666666], [0.5841666666666666, 0.3875], [0.5833333333333334, 0.39], [0.5808333333333333, 0.39416666666666667], [0.5808333333333333, 0.3958333333333333], [0.5791666666666667, 0.3983333333333333], [0.5791666666666667, 0.4033333333333333], [0.5841666666666666, 0.41083333333333333], [0.5941666666666666, 0.42083333333333334], [0.5958333333333333, 0.4216666666666667], [0.5983333333333334, 0.4225], [0.6016666666666667, 0.42333333333333334], [0.6041666666666666, 0.4241666666666667], [0.6066666666666667, 0.425], [0.6108333333333333, 0.42583333333333334], [0.6141666666666666, 0.4266666666666667], [0.6166666666666667, 0.4275], [0.6258333333333334, 0.4275], [0.6275, 0.4266666666666667], [0.6275, 0.42333333333333334], [0.62, 0.41583333333333333], [0.62, 0.4141666666666667], [0.6183333333333333, 0.4125], [0.6183333333333333, 0.4075], [0.6191666666666666, 0.405], [0.6225, 0.39916666666666667], [0.6233333333333333, 0.39666666666666667], [0.6233333333333333, 0.3908333333333333], [0.6175, 0.38416666666666666], [0.6083333333333333, 0.37416666666666665], [0.6058333333333333, 0.3725], [0.5991666666666666, 0.3641666666666667], [0.5975, 0.3625], [0.5941666666666666, 0.3625], [0.5933333333333334, 0.3675], [0.5916666666666667, 0.3675], [0.5825, 0.3575], [0.58, 0.35583333333333333], [0.57, 0.345], [0.5675, 0.3441666666666667]], "additionalOutlinePaths": [[[0.575, 0.305], [0.5741666666666667, 0.30666666666666664], [0.5733333333333334, 0.30833333333333335], [0.5725, 0.3125], [0.5725, 0.31666666666666665], [0.58, 0.32416666666666666], [0.5858333333333333, 0.33166666666666667], [0.5883333333333334, 0.3333333333333333], [0.5933333333333334, 0.34], [0.6, 0.3466666666666667], [0.6, 0.3491666666666667], [0.5991666666666666, 0.3516666666666667], [0.5983333333333334, 0.3525], [0.5983333333333334, 0.35583333333333333], [0.6016666666666667, 0.35583333333333333], [0.605, 0.3575], [0.6116666666666667, 0.3641666666666667], [0.6175, 0.37083333333333335], [0.6175, 0.37166666666666665], [0.6241666666666666, 0.37916666666666665], [0.6283333333333333, 0.38333333333333336], [0.6333333333333333, 0.38333333333333336], [0.6358333333333334, 0.3825], [0.6358333333333334, 0.37916666666666665], [0.6333333333333333, 0.375], [0.6333333333333333, 0.37083333333333335], [0.635, 0.36833333333333335], [0.635, 0.36666666666666664], [0.6366666666666667, 0.3641666666666667], [0.6366666666666667, 0.3625], [0.6383333333333333, 0.36], [0.6391666666666667, 0.3575], [0.6391666666666667, 0.3525], [0.6333333333333333, 0.3466666666666667], [0.6291666666666667, 0.3416666666666667], [0.6291666666666667, 0.3408333333333333], [0.625, 0.33666666666666667], [0.6233333333333333, 0.3358333333333333], [0.62, 0.335], [0.6166666666666667, 0.33416666666666667], [0.61, 0.3333333333333333], [0.6041666666666666, 0.32666666666666666], [0.5983333333333334, 0.32], [0.5941666666666666, 0.315], [0.59, 0.30916666666666665], [0.5875, 0.30666666666666664], [0.5858333333333333, 0.30583333333333335], [0.5833333333333334, 0.305]]], "componentId": "wurth-elektronik-61300211121"}